userId,userName,email
1,Meredith,mvedenyapin0@google.com.hk
2,Erroll,evennings1@homestead.com
3,Reinald,rjanusz2@hugedomains.com
4,Roy,rminucci3@loc.gov
5,Hillary,hbeare4@shareasale.com
6,Darcie,dcoole5@drupal.org
7,Lotti,ldomeney6@kickstarter.com
8,Meggi,mthorneloe7@unc.edu
9,Charla,ccaulton8@jiathis.com
10,Connie,cbrogiotti9@about.me
11,Sol,stickela@java.com
12,Herminia,hcanhamb@godaddy.com
13,Weylin,wivasyushkinc@soundcloud.com
14,Hertha,hshelbourned@howstuffworks.com
15,Wade,wdakerse@purevolume.com
16,Sherilyn,smuggletonf@cafepress.com
17,Aime,abrickettg@mit.edu
18,Wye,wdelacourth@squarespace.com
19,Ingaberg,irandlei@google.es
20,Marianna,mkeenj@dyndns.org
21,Scarlett,sthirskk@amazon.com
22,Percival,probilliardl@wikia.com
23,Gamaliel,gandriessem@indiatimes.com
24,Lawton,lmclewdn@github.io
25,Alicea,aashlino@etsy.com
26,Jacquie,jfollissp@photobucket.com
27,Mae,mbatistelliq@edublogs.org
28,Etty,eiacovellir@reuters.com
29,Kurtis,kkestins@buzzfeed.com
30,Audy,arobynst@devhub.com
31,Fayre,fesselinu@npr.org
32,Jacenta,jfackrellv@dailymotion.com
33,Tanya,ttreffreyw@psu.edu
34,Teador,tthornbarrowx@smugmug.com
35,Caesar,crisbridgey@hp.com
36,Stanford,schetwindz@mediafire.com
37,Baudoin,bmartindale10@e-recht24.de
38,Mackenzie,mthacke11@state.tx.us
39,Padraic,psustins12@usatoday.com
40,Ingeberg,igalego13@storify.com
41,Zaria,zlegallo14@independent.co.uk
42,Latashia,landriessen15@upenn.edu
43,Kelsey,klorentz16@tripod.com
44,Boniface,bdoughill17@aol.com
45,Adele,agalpin18@etsy.com
46,Corbett,csuffield19@mapquest.com
47,Darryl,dingerson1a@imageshack.us
48,Athena,adalmon1b@artisteer.com
49,Yvonne,yscahill1c@printfriendly.com
50,Eddie,elawrie1d@phoca.cz
51,Roby,rduchateau1e@qq.com
52,Crystal,cbridel1f@163.com
53,Kimmie,kbedow1g@wp.com
54,Ealasaid,estockney1h@gmpg.org
55,Caty,cvoules1i@berkeley.edu
56,Hastings,hhanhart1j@yolasite.com
57,Lauretta,lellaman1k@4shared.com
58,Sonnie,sherety1l@mediafire.com
59,Gussy,gandrosik1m@pcworld.com
60,Alla,aloncaster1n@mapquest.com
61,Cristen,cgepp1o@stumbleupon.com
62,Bonnee,bcasement1p@hubpages.com
63,Lucais,lchampness1q@mtv.com
64,Herschel,hterrelly1r@uiuc.edu
65,Kalinda,kablewhite1s@opera.com
66,Xever,xlackington1t@nyu.edu
67,Wye,wbanaszczyk1u@ezinearticles.com
68,Archie,arudgerd1v@xrea.com
69,Eden,eewings1w@taobao.com
70,Mahalia,maymes1x@php.net
71,Mattie,moolahan1y@wordpress.org
72,Noe,nmart1z@ezinearticles.com
73,Margaret,medwins20@twitter.com
74,Artemus,agawthrope21@telegraph.co.uk
75,Timotheus,tcorrao22@delicious.com
76,Fancie,figgalden23@nsw.gov.au
77,Iseabal,ibamfield24@usda.gov
78,Ealasaid,enussii25@dot.gov
79,Jecho,jslaten26@sun.com
80,Eudora,earnau27@japanpost.jp
81,Mirabel,mdescroix28@photobucket.com
82,Jacky,jmatzaitis29@apple.com
83,Rodrigo,rgarrals2a@ox.ac.uk
84,Adrianna,adawe2b@rakuten.co.jp
85,Terence,twiddowfield2c@wsj.com
86,Orlan,okilliner2d@topsy.com
87,Rupert,rreary2e@instagram.com
88,Becca,bpiddick2f@studiopress.com
89,Hoebart,hallbon2g@apache.org
90,Mayer,mfomichkin2h@ameblo.jp
91,Charissa,ckestle2i@ted.com
92,Juanita,jlockney2j@blog.com
93,Kelby,kantonescu2k@gravatar.com
94,Nilson,ngozzard2l@amazon.de
95,Wallie,wtuttle2m@icio.us
96,Benton,bcharnley2n@aboutads.info
97,Karyl,kdegoey2o@cnbc.com
98,Aylmer,ameynell2p@biblegateway.com
99,Davine,dvaugham2q@alibaba.com
100,Curran,crudwell2r@qq.com
101,Franni,fzimmerman2s@ustream.tv
102,Gran,gburfield2t@twitter.com
103,Salem,swhitfeld2u@bbb.org
104,Sascha,slilley2v@nps.gov
105,Tamiko,tbows2w@photobucket.com
106,Albertina,ablyden2x@multiply.com
107,Jayne,jrobertelli2y@army.mil
108,Marie-ann,mmusslewhite2z@imgur.com
109,Armin,aspybey30@plala.or.jp
110,Itch,ibosenworth31@unblog.fr
111,Orton,opigott32@businessinsider.com
112,Rahel,rnaish33@reddit.com
113,Susi,sburdas34@delicious.com
114,Greer,gmcallan35@google.de
115,Mara,mdarwood36@vimeo.com
116,Beatrisa,bkohlerman37@xrea.com
117,Gabi,ghands38@craigslist.org
118,Sanders,stinan39@yelp.com
119,Claresta,cpawelke3a@europa.eu
120,Codi,cwhate3b@nifty.com
121,Shayna,simlock3c@webnode.com
122,Jasmina,jsanper3d@google.fr
123,Tova,tlarge3e@weather.com
124,Urbanus,unevet3f@psu.edu
125,Murvyn,msteven3g@businesswire.com
126,Aggi,astranks3h@goo.ne.jp
127,Nolana,nkidstone3i@foxnews.com
128,Teriann,tproom3j@toplist.cz
129,Rudolph,rthirkettle3k@joomla.org
130,Frank,fswinnard3l@phoca.cz
131,Corey,cbonnell3m@whitehouse.gov
132,Vitia,vcapes3n@weebly.com
133,Onida,oduggary3o@g.co
134,Derril,dholwell3p@shinystat.com
135,Garwood,gtizzard3q@ucla.edu
136,Josee,jannwyl3r@list-manage.com
137,Essy,ewhimpenny3s@multiply.com
138,Kermit,knorcliffe3t@ox.ac.uk
139,Emery,ebucknill3u@noaa.gov
140,Leora,lcahen3v@wunderground.com
141,Tammy,tmacgoun3w@aol.com
142,Spencer,scrowcombe3x@hc360.com
143,Vick,vspeke3y@discovery.com
144,Rey,rpulman3z@buzzfeed.com
145,Rodrique,rpoltone40@unc.edu
146,Rosina,rriche41@wunderground.com
147,Murdock,mbirtchnell42@marketwatch.com
148,Brad,breadett43@dyndns.org
149,Avrom,abaraclough44@google.com.hk
150,Tobey,tgoracci45@vinaora.com
151,Bobby,bbetteney46@buzzfeed.com
152,Arabela,asteffans47@comsenz.com
153,Winne,wbachellier48@fotki.com
154,Mariska,mschimaschke49@sohu.com
155,Dorene,dcordsen4a@ucsd.edu
156,Davy,dabbison4b@meetup.com
157,Bradley,bcoast4c@mozilla.com
158,Fredelia,fwillimot4d@shinystat.com
159,Juana,jhauxwell4e@stumbleupon.com
160,Laverna,ljarrad4f@edublogs.org
161,Fran,fcokly4g@wired.com
162,Derron,dsalerno4h@buzzfeed.com
163,Gallagher,gedscer4i@php.net
164,Pren,pdowning4j@umich.edu
165,Davidde,dgoodsal4k@sun.com
166,Birgit,bgarroway4l@nba.com
167,Ashla,aelijahu4m@sitemeter.com
168,Merna,mdallewater4n@soundcloud.com
169,Lotte,lsculpher4o@mediafire.com
170,Toddy,tsleney4p@goodreads.com
171,Jeremy,jmyrtle4q@networksolutions.com
172,Abdel,arankmore4r@princeton.edu
173,Homere,hgrimsdell4s@cdc.gov
174,Roby,rbiasioni4t@ft.com
175,Judas,jrenforth4u@shinystat.com
176,Benoite,bdundendale4v@cnn.com
177,Stevena,salvarado4w@last.fm
178,Yulma,ypetru4x@miitbeian.gov.cn
179,Lorri,lvogeller4y@fastcompany.com
180,Saudra,sgarci4z@ibm.com
181,Dionysus,dhanton50@nature.com
182,Arthur,ameekings51@mlb.com
183,Sibbie,svolks52@hp.com
184,Richardo,rdrinkeld53@1und1.de
185,Matthew,mcorter54@china.com.cn
186,Galven,gswire55@senate.gov
187,Axel,amatkin56@quantcast.com
188,Meredith,mdelwater57@etsy.com
189,Guy,gwhyffen58@blogtalkradio.com
190,Daryle,dblandamore59@php.net
191,Grantley,gborer5a@1688.com
192,Berget,bivasyushkin5b@rediff.com
193,Faun,fgolling5c@ezinearticles.com
194,Stern,smatthias5d@xinhuanet.com
195,Rodrigo,rfausch5e@ftc.gov
196,Cordey,cbramsen5f@sciencedirect.com
197,Gerome,gseaking5g@booking.com
198,Grissel,gmcausland5h@accuweather.com
199,Roderick,rheatherington5i@woothemes.com
200,Ogdon,ovinas5j@creativecommons.org
201,Pancho,pflanner5k@independent.co.uk
202,Barthel,bitter5l@ucoz.com
203,Mollee,mriby5m@biblegateway.com
204,Christina,caldhouse5n@addtoany.com
205,Sal,shamel5o@ask.com
206,Kerianne,kyirrell5p@xing.com
207,Bendite,bpassie5q@trellian.com
208,Abigael,aprice5r@sphinn.com
209,Virgil,vbattie5s@twitpic.com
210,Judah,jganny5t@ibm.com
211,Vic,vboorer5u@reference.com
212,Dur,dgleader5v@hatena.ne.jp
213,Guenna,gsimmonds5w@myspace.com
214,Saunder,smerrall5x@economist.com
215,Nora,naarons5y@marketwatch.com
216,Jeanette,jbergstrand5z@hao123.com
217,Ody,owolffers60@timesonline.co.uk
218,Michael,mcapelow61@ucoz.com
219,Michel,mhulle62@tripod.com
220,Leonhard,lgaenor63@nih.gov
221,Judi,jrisebarer64@unc.edu
222,Cecilius,cmelmoth65@google.nl
223,Ailbert,asoane66@nih.gov
224,Jerald,jglason67@twitter.com
225,Nanine,nforker68@gmpg.org
226,Gareth,gdubois69@1688.com
227,Natty,nburnside6a@sohu.com
228,Ethelda,emonnoyer6b@multiply.com
229,Philbert,prainard6c@amazon.co.uk
230,Abby,avergo6d@xinhuanet.com
231,Thacher,tterran6e@ameblo.jp
232,Roseanne,rfrancillo6f@ftc.gov
233,Scotti,sbayly6g@zdnet.com
234,Wendell,wrow6h@wikimedia.org
235,Wilmar,wstaddart6i@google.ca
236,Kristofor,kpudge6j@cbc.ca
237,Maynard,mmaro6k@foxnews.com
238,Sandro,sbaulcombe6l@ow.ly
239,Vevay,vmorten6m@etsy.com
240,Eydie,egusticke6n@soundcloud.com
241,Michaella,mtrengrouse6o@smh.com.au
242,Vanni,vvasechkin6p@shinystat.com
243,Bobinette,byearn6q@blogs.com
244,Wat,wlavallie6r@google.co.uk
245,Stacy,sowbridge6s@delicious.com
246,Nicola,nsinott6t@symantec.com
247,Roselin,rclarkewilliams6u@china.com.cn
248,Roseann,rsowood6v@unicef.org
249,Wren,wludy6w@narod.ru
250,Pammi,pohenery6x@vistaprint.com
251,Colin,cschuck6y@hostgator.com
252,Helga,hsandercroft6z@nifty.com
253,Maryann,morr70@ezinearticles.com
254,Bertine,bcalderhead71@51.la
255,Solly,spawlett72@tinypic.com
256,Dena,ddoogan73@tamu.edu
257,Maudie,mstoate74@gov.uk
258,Barde,bfranzini75@meetup.com
259,Diannne,dbalint76@house.gov
260,Toni,tfynes77@twitpic.com
261,Jodie,jcapell78@forbes.com
262,Terra,trayer79@odnoklassniki.ru
263,Darcey,dedensor7a@macromedia.com
264,Ernesta,eszimoni7b@ihg.com
265,Bert,bbust7c@adobe.com
266,Cirillo,cscotchbourouge7d@globo.com
267,Clarke,cneward7e@jiathis.com
268,Valeda,vfairchild7f@e-recht24.de
269,Karim,kswaile7g@va.gov
270,Krista,kdegrey7h@4shared.com
271,Templeton,tboyall7i@topsy.com
272,Drusilla,dvedishchev7j@wikispaces.com
273,Appolonia,ateare7k@msn.com
274,Marietta,mpellant7l@artisteer.com
275,Clareta,cniese7m@wikia.com
276,Marylee,mcatherine7n@furl.net
277,Cynthia,csmither7o@plala.or.jp
278,Floria,fcarrane7p@japanpost.jp
279,Josephine,jvedeshkin7q@ow.ly
280,Paulie,pvina7r@google.ru
281,Timothea,tbasham7s@gnu.org
282,Gabbi,gmacgray7t@tinypic.com
283,Amble,amcguirk7u@linkedin.com
284,Tonya,tsewter7v@ihg.com
285,Lynnea,lcowdery7w@thetimes.co.uk
286,Cinnamon,cgorling7x@google.co.uk
287,Cecilia,cklimkiewich7y@geocities.com
288,Consalve,cmeynell7z@mashable.com
289,Linnet,leake80@google.co.uk
290,Nikkie,njereatt81@spiegel.de
291,Bram,bmocquer82@cornell.edu
292,Halley,hmcgifford83@mail.ru
293,Tyson,tknowlton84@nytimes.com
294,Petr,pwherton85@shareasale.com
295,Mikol,mniece86@odnoklassniki.ru
296,Remy,rbachnic87@cisco.com
297,Mae,mcolling88@dot.gov
298,Eugenio,ehadlee89@printfriendly.com
299,Zach,zkynastone8a@elegantthemes.com
300,Melissa,mscrase8b@techcrunch.com
301,Petronille,pkamena8c@joomla.org
302,Daniella,dlowbridge8d@rakuten.co.jp
303,Maura,mtapsell8e@archive.org
304,Antons,alambertciorwyn8f@google.de
305,Arluene,amacfaul8g@moonfruit.com
306,Christabella,ckempe8h@house.gov
307,Kara-lynn,kvasyushkhin8i@bloglines.com
308,Fonzie,fbusfield8j@hc360.com
309,Fiona,fwhalley8k@china.com.cn
310,Freddy,fliddle8l@phoca.cz
311,Minor,mtomczak8m@webeden.co.uk
312,Brigham,blantiff8n@miitbeian.gov.cn
313,Nichols,ncolledge8o@symantec.com
314,Lenette,lgimeno8p@alibaba.com
315,Gianina,gtenwick8q@springer.com
316,Hanson,hdore8r@flickr.com
317,Renell,ralred8s@privacy.gov.au
318,Ravi,rfiltness8t@newyorker.com
319,Ragnar,rseed8u@blogs.com
320,Robina,ranfosso8v@t.co
321,Crissie,creagan8w@fastcompany.com
322,Carlie,cbarratt8x@hhs.gov
323,Ingeberg,ibrickham8y@booking.com
324,Effie,ebeadel8z@mayoclinic.com
325,Ermanno,ekennea90@auda.org.au
326,Hugues,hwillowby91@freewebs.com
327,Welch,wcoucher92@constantcontact.com
328,Karla,kjosskoviz93@google.com.au
329,Aleta,agilfoyle94@google.it
330,Fitzgerald,ftuttiett95@netscape.com
331,Noel,nmeasham96@hexun.com
332,Carmelita,cleopold97@eventbrite.com
333,Pris,pchuter98@sun.com
334,Orton,otowey99@npr.org
335,Miriam,mdurtnell9a@dagondesign.com
336,Stuart,sloveard9b@mediafire.com
337,Pollyanna,pgreeveson9c@ftc.gov
338,Bertha,bduffrie9d@dailymail.co.uk
339,Briano,bminci9e@google.co.jp
340,Hammad,hbalk9f@si.edu
341,Lind,ljelfs9g@hatena.ne.jp
342,Lilla,ljobbins9h@multiply.com
343,Olia,ofisby9i@wisc.edu
344,Rea,rkenwood9j@seattletimes.com
345,Verne,vhandrock9k@elegantthemes.com
346,Amabelle,acommon9l@topsy.com
347,Burr,bgaither9m@google.co.jp
348,Lynette,lmateo9n@mapquest.com
349,Sioux,sgahan9o@acquirethisname.com
350,Alejandro,adallywater9p@cornell.edu
351,Lia,lfenech9q@google.pl
352,Sadie,sjanicki9r@mit.edu
353,Carmen,cbolesma9s@tiny.cc
354,Galven,ggeall9t@biblegateway.com
355,Leta,lbamsey9u@hibu.com
356,Larine,labby9v@answers.com
357,Marci,mpawnsford9w@microsoft.com
358,Rance,rpoll9x@mapy.cz
359,Gene,ggouldstone9y@desdev.cn
360,Herb,hluckey9z@bloglines.com
361,Maryanne,mbowketta0@statcounter.com
362,Catina,ckynana1@example.com
363,Harper,hkilminstera2@e-recht24.de
364,Caresse,cosinina3@home.pl
365,Normy,naldingtona4@disqus.com
366,Nessie,nweatherhilla5@irs.gov
367,Rosalyn,rivankovica6@infoseek.co.jp
368,Rudolf,rcauldera7@time.com
369,Janean,jgalea8@linkedin.com
370,Fedora,fpullena9@gizmodo.com
371,Roslyn,rjarvisaa@cnn.com
372,Melodee,mubankab@ycombinator.com
373,Portia,pshimonac@diigo.com
374,Hank,homurtaghad@google.cn
375,Brose,bstrephanae@narod.ru
376,Shelbi,swohleraf@parallels.com
377,Hercule,hhealksag@a8.net
378,Martino,mkristiansenah@nydailynews.com
379,Nonie,nminsterai@prweb.com
380,Anthony,apaalaj@paypal.com
381,Fredelia,fsycamoreak@prnewswire.com
382,Darda,dansillal@sogou.com
383,Seamus,sstorckam@reddit.com
384,Dell,dpreuvostan@qq.com
385,Francklin,fhamlynao@scientificamerican.com
386,Otto,otatamap@plala.or.jp
387,Marline,mpauloaq@twitter.com
388,Alissa,akinvigar@is.gd
389,Buiron,barbonas@army.mil
390,Dav,dleavesleyat@stanford.edu
391,Mortie,mmckissackau@weather.com
392,Tanner,tminthorpeav@jigsy.com
393,Jermaine,jweatheyaw@google.nl
394,Amandi,atenderax@alexa.com
395,Pansy,pstanyarday@qq.com
396,Amelina,asandaz@japanpost.jp
397,Temple,tblakeboroughb0@ameblo.jp
398,Josephine,jabelsonb1@columbia.edu
399,Obidiah,obemandb2@unc.edu
400,Jany,jlundbeckb3@senate.gov
401,Carolann,ccolliholeb4@cornell.edu
402,Elvin,elammersb5@github.com
403,Kaitlynn,khaileb6@mediafire.com
404,Veronike,vrhymerb7@google.es
405,Bearnard,btilburyb8@mozilla.com
406,Lissi,ljenckesb9@woothemes.com
407,Seka,sbrigginshawba@digg.com
408,Jaclin,jaltimasbb@wired.com
409,Vera,vludebc@freewebs.com
410,Bebe,bsemeradovabd@dedecms.com
411,Maren,mlinsaybe@rakuten.co.jp
412,Raquela,rmcrorybf@huffingtonpost.com
413,Alexandre,abockebg@theguardian.com
414,Harp,hsteffensbh@vimeo.com
415,Gabi,gglancybi@w3.org
416,Teodora,tgratrexbj@scribd.com
417,Germayne,gbodocsbk@studiopress.com
418,Sullivan,schedzoybl@seattletimes.com
419,Moira,mmucklestonbm@nationalgeographic.com
420,Ora,odunwoodybn@wsj.com
421,Sid,smariansbo@indiegogo.com
422,Claude,citzkinbp@geocities.com
423,Dalston,dstihlbq@i2i.jp
424,Inga,ijacoxbr@meetup.com
425,Ryann,rjowlingbs@ox.ac.uk
426,Dian,ddjurkovicbt@people.com.cn
427,Sayers,smaccaguebu@xing.com
428,Alanah,adomeneybv@vistaprint.com
429,Mandi,mkubisbw@deviantart.com
430,Syd,smaciejewskibx@dot.gov
431,Regan,rtidcombby@jiathis.com
432,Esmeralda,ebethunebz@harvard.edu
433,Charity,ckitchenhamc0@purevolume.com
434,Flint,folliverc1@acquirethisname.com
435,Dario,dtabererc2@latimes.com
436,Noreen,nmarksc3@sina.com.cn
437,Virgina,vlaughreyc4@elpais.com
438,Delphine,dbonarc5@nba.com
439,Cybill,cbeaumontc6@exblog.jp
440,Kerr,kredparthc7@cmu.edu
441,Ainsley,aswalec8@goo.ne.jp
442,Rina,relderfieldc9@senate.gov
443,Tamqrah,tpennettica@unblog.fr
444,Fedora,fdobkincb@cornell.edu
445,Elaine,epestercc@acquirethisname.com
446,Marie,mmacdearmaidcd@chicagotribune.com
447,Celle,cgobyce@symantec.com
448,Quillan,qwaynecf@jigsy.com
449,Raychel,rheyworthcg@technorati.com
450,Hilly,hdefreynech@multiply.com
451,Alissa,astarkci@scientificamerican.com
452,Micheline,madamczykcj@sogou.com
453,Wake,wpratick@answers.com
454,Aubert,aaxelcl@slideshare.net
455,Anestassia,agredercm@apache.org
456,Tallia,tellamancn@cpanel.net
457,Nealy,nmcgeaghco@ted.com
458,Woodman,wphonixcp@biblegateway.com
459,Doreen,ditscovitzcq@mayoclinic.com
460,Rebecca,rdronsfieldcr@trellian.com
461,Quinta,qrookescs@fda.gov
462,Zoe,zmellishct@tmall.com
463,Pippo,ppeetermanncu@nydailynews.com
464,Eleonore,ewestwickcv@about.com
465,Matti,mgreydoncw@disqus.com
466,Hermie,hspentoncx@vistaprint.com
467,Arlen,aamnercy@miibeian.gov.cn
468,Margaretta,mtaffscz@deviantart.com
469,Chloe,castmand0@digg.com
470,Tana,tsparshuttd1@redcross.org
471,Mylo,mshuttleworthd2@webnode.com
472,Crawford,cdoogued3@histats.com
473,Ainsley,aeliassond4@scientificamerican.com
474,Alis,agemsond5@devhub.com
475,Elianore,ewardingleyd6@meetup.com
476,Lilllie,lgratrixd7@weebly.com
477,Brandise,btapsfieldd8@prnewswire.com
478,Gabrila,gbraddond9@ifeng.com
479,Amelina,alittlefairda@reuters.com
480,Carmencita,ccaterdb@vkontakte.ru
481,Raphael,rsimcoxdc@shop-pro.jp
482,Noelani,nswannickdd@bluehost.com
483,Missy,mduckittde@oakley.com
484,Cammi,cfolomindf@wix.com
485,Jorge,jmcclymontdg@disqus.com
486,Evelyn,elefriecdh@scientificamerican.com
487,Kaylyn,ksamsworthdi@wikimedia.org
488,Rivalee,rcoggendj@meetup.com
489,Shandie,sroftdk@alibaba.com
490,Francene,fwoolgardl@epa.gov
491,Kathlin,kmelloidm@sina.com.cn
492,Daffy,dgreatexdn@icio.us
493,Khalil,korigando@ed.gov
494,Bertrand,bmcgeachydp@posterous.com
495,Daniela,dballarddq@patch.com
496,Fayre,ftoopdr@wiley.com
497,Edna,etrusslerds@merriam-webster.com
498,Angelique,atimberlakedt@hibu.com
499,Reid,rgryglewskidu@answers.com
500,Andrew,aboffeydv@google.com.hk
501,Geoffry,gwoodrupdw@stumbleupon.com
502,Prudy,pjammedx@soundcloud.com
503,Mordy,mgilbridedy@japanpost.jp
504,Ethelred,ekavedz@linkedin.com
505,Pam,pkaryse0@nih.gov
506,Suzy,soxbiee1@behance.net
507,Quillan,qvernazzae2@mozilla.org
508,Billy,bhollowse3@360.cn
509,Myrtle,mmontiere4@topsy.com
510,Conny,ctanbye5@mysql.com
511,Renaud,rjevese6@google.com.au
512,Barnie,broaste7@mozilla.org
513,Christal,cwoolveridgee8@google.co.uk
514,Bernita,btayloee9@loc.gov
515,Fenelia,fpalffyea@spiegel.de
516,Bronson,bantognozziieb@apache.org
517,Jan,jmountfordec@creativecommons.org
518,Ozzie,ojellised@networksolutions.com
519,Hube,hfrissellee@acquirethisname.com
520,Sollie,swilseyef@dedecms.com
521,Glenna,gtrenchardeg@jigsy.com
522,Joelie,jbartleseh@weebly.com
523,Deloris,dmcgouganei@harvard.edu
524,Olva,oblencoeej@tinypic.com
525,Channa,cparzisek@ed.gov
526,Stefanie,sgroartyel@archive.org
527,Darsie,dlesaunierem@behance.net
528,Phillip,pjedrzejen@berkeley.edu
529,Rudolfo,rwizeo@163.com
530,Adella,agiacobbinijacobep@google.ru
531,Peyton,prableneq@army.mil
532,Thibaut,tjowetter@yelp.com
533,Amandie,alangforthes@tripadvisor.com
534,Yolanthe,ybinsteadet@china.com.cn
535,Taber,tcairneyeu@weather.com
536,Rinaldo,rmoorsev@free.fr
537,Dorene,dkolinew@last.fm
538,Hilde,hlambrechtsex@altervista.org
539,Cariotta,cbisattey@about.me
540,Brynne,bwaldrumez@tiny.cc
541,Coraline,cposselwhitef0@wufoo.com
542,Andrei,arubanenkof1@usnews.com
543,Aylmar,amalyf2@hud.gov
544,Angelina,agogartyf3@godaddy.com
545,Saree,sdemeisf4@clickbank.net
546,Lauryn,ltompkinsf5@goodreads.com
547,Vachel,vneljesf6@furl.net
548,Annalee,atidridgef7@yolasite.com
549,Minna,mmcartanf8@exblog.jp
550,Guillemette,glampsf9@cnbc.com
551,Torrance,tstalleyfa@google.pl
552,Marna,mbrettelfb@biglobe.ne.jp
553,Ignaz,inormavellfc@state.gov
554,Mignonne,mmackenneyfd@thetimes.co.uk
555,Aviva,agaitungfe@hostgator.com
556,Lanie,lchartreff@prnewswire.com
557,Munroe,mgleadlefg@sciencedirect.com
558,Katey,ktattersallfh@discovery.com
559,Adey,amcdouglefi@si.edu
560,Aksel,aokerinfj@geocities.jp
561,Carlos,cchandlarfk@360.cn
562,Garth,ggianullofl@apple.com
563,Belvia,bselwinfm@usnews.com
564,Kissie,kbartolfn@smh.com.au
565,Fonzie,fivakhinfo@themeforest.net
566,Petra,pantognellifp@nymag.com
567,Brittan,bplimmerfq@booking.com
568,Gaby,gtrillofr@fastcompany.com
569,Sibby,smacgiollapheadairfs@bloglines.com
570,Graeme,gsyplusft@microsoft.com
571,Estel,emerfinfu@vimeo.com
572,Diana,dpetrinafv@linkedin.com
573,Yank,ypendrefw@sphinn.com
574,Harrietta,hshovelbottomfx@mozilla.com
575,Waverley,wrapleyfy@barnesandnoble.com
576,Gorden,glindenfeldfz@ebay.co.uk
577,Alikee,afeatleyg0@sphinn.com
578,Anallese,arozenzweigg1@twitpic.com
579,Nataline,nfulkerg2@intel.com
580,Emmye,epieleg3@cmu.edu
581,Elijah,epenneyg4@cargocollective.com
582,Leone,lsoaresg5@eventbrite.com
583,Franny,ffotittg6@comsenz.com
584,Merell,mscogginsg7@microsoft.com
585,Darsey,dpolleng8@auda.org.au
586,Darbie,dlockneyg9@wp.com
587,Charla,cschimannga@wikispaces.com
588,Eunice,ehanselmangb@elegantthemes.com
589,Lanni,lfeldgc@auda.org.au
590,Clarita,cabramgd@discovery.com
591,Cedric,cfouracrege@yellowpages.com
592,Gan,gberrisfordgf@bravesites.com
593,Blithe,bduffreegg@sun.com
594,Abdel,acheelgh@tumblr.com
595,Sigismondo,sgillittgi@ezinearticles.com
596,Davidde,dlammertgj@yolasite.com
597,Eudora,educhennegk@eepurl.com
598,Ciro,cwiddocksgl@bigcartel.com
599,Kiersten,kyureningm@barnesandnoble.com
600,Zelig,zwattersongn@alexa.com
601,Madella,mpreedygo@issuu.com
602,Torin,tnairegp@twitpic.com
603,Zebulon,zjoinceygq@w3.org
604,Dina,dchealegr@yolasite.com
605,Meredithe,mhedgecockgs@rediff.com
606,Karoline,kmullinergt@vkontakte.ru
607,Ivonne,ikuncgu@marketwatch.com
608,Wald,wbaruchgv@stanford.edu
609,Rudd,rlegiongw@digg.com
610,Preston,phallgalleygx@naver.com
611,Leora,lpailingy@elpais.com
612,Barbi,bstaplesgz@slashdot.org
613,Filmer,ftoulchh0@tripod.com
614,Mirilla,mgillfillanh1@biglobe.ne.jp
615,Chev,cduguidh2@ucla.edu
616,Quill,qmarquish3@answers.com
617,Kirstyn,kbillieh4@hatena.ne.jp
618,Torrence,tfilanh5@hostgator.com
619,Morey,mmcardh6@ucoz.com
620,Brig,batchlyh7@marriott.com
621,Fancy,fphizackerlyh8@pagesperso-orange.fr
622,Carree,clocksleyh9@statcounter.com
623,Shirl,shallingha@google.com.br
624,Vivi,vgamonhb@nasa.gov
625,Shermy,sgreadyhc@webnode.com
626,Dill,dalejandrehd@vkontakte.ru
627,Iosep,iteekhe@dot.gov
628,Amberly,atodarihf@telegraph.co.uk
629,Cicily,cbanghamhg@soundcloud.com
630,Frederigo,fswiffanhh@patch.com
631,Paolo,pbrophyhi@photobucket.com
632,Anselma,awisdomhj@wunderground.com
633,Fredek,fsyletthk@twitter.com
634,Lorelle,lglasspoolhl@freewebs.com
635,Devonna,dmckeeverhm@elegantthemes.com
636,Mavra,mtestohn@howstuffworks.com
637,Batsheva,bsivillsho@smugmug.com
638,Katrina,kebbettshp@disqus.com
639,Alonso,ajuppehq@sohu.com
640,Hatti,hknobellhr@google.com
641,Stanislaus,scicconettiihs@nifty.com
642,Leda,lgrahamht@123-reg.co.uk
643,Conrado,cracehu@elpais.com
644,Kirstin,khalbeardhv@microsoft.com
645,Wyn,wbrockelsbyhw@hubpages.com
646,Evy,echiplinhx@google.com.br
647,Holly-anne,hnoldahy@google.co.uk
648,Merridie,mklimshukhz@bbb.org
649,Marja,mcolegrovei0@vimeo.com
650,Barnie,bmattheisi1@yellowpages.com
651,Tadio,tbantoni2@icq.com
652,Natty,nflowerdeni3@webnode.com
653,Laina,lpuddini4@blog.com
654,Woodman,wpechti5@chron.com
655,Phineas,pledgisteri6@auda.org.au
656,Regine,rmarquessi7@va.gov
657,Carla,cholehousei8@dailymail.co.uk
658,Bride,bshearai9@nature.com
659,Claudius,chaddingtonia@issuu.com
660,Whitby,wstaddomib@cafepress.com
661,Gwyn,gpochonic@t-online.de
662,Carolyn,cguerolaid@irs.gov
663,Anni,aspibyie@intel.com
664,Tedda,tdempsterif@histats.com
665,Cookie,chowellsig@techcrunch.com
666,Sharon,skirkmanih@hud.gov
667,Antoni,abowlingii@mlb.com
668,Grayce,gcurrallij@smh.com.au
669,Margie,mpuckettik@boston.com
670,Vail,vscoatesil@nydailynews.com
671,Horatius,hwilboreim@ft.com
672,Duff,ddalyellin@sbwire.com
673,Case,cgagerio@hp.com
674,Andra,aoshavlanip@icio.us
675,Priscilla,psheldrakeiq@ed.gov
676,Corey,ctournerir@bloglines.com
677,Bastian,bskainsis@eepurl.com
678,Noland,ndiperausit@google.com.br
679,Darius,dhillattiu@google.nl
680,Nils,nlorenciv@cdbaby.com
681,Adrian,ajonuziiw@imageshack.us
682,Tasia,tscuttix@latimes.com
683,Ham,hcurmiy@gov.uk
684,Gerhardt,ggiddonsiz@wikispaces.com
685,Maris,mfeldbrinj0@reuters.com
686,Dorthy,dmcgeadyj1@addtoany.com
687,Amaleta,afillerj2@studiopress.com
688,Athena,aottleyj3@bloglines.com
689,Zack,zcarderj4@quantcast.com
690,Kermie,kmallingj5@eventbrite.com
691,Huntley,hgoodinsonj6@cisco.com
692,Gui,gfurnissj7@example.com
693,Terence,tauchinleckj8@rakuten.co.jp
694,Sherlocke,sgodfroyj9@tamu.edu
695,Angeline,awaddupja@go.com
696,Aurora,aklausewitzjb@addtoany.com
697,Karrie,kstanyanjc@cdc.gov
698,Findlay,fferribyjd@msn.com
699,Nelly,nleghje@pen.io
700,Annetta,adallisonjf@illinois.edu
701,Clayborne,cdoddjg@goodreads.com
702,Chaddy,cbynertjh@chicagotribune.com
703,Coop,cwesternji@miitbeian.gov.cn
704,Melisenda,mfranzjj@fda.gov
705,Violetta,vmckibbenjk@topsy.com
706,Zelig,zmawjl@ucoz.ru
707,Laney,lwagnerjm@examiner.com
708,Ophelie,ocrowdjn@huffingtonpost.com
709,Kimmy,kmacgregorjo@tinyurl.com
710,Bartlet,bkneafseyjp@odnoklassniki.ru
711,Bobby,bsaltjq@github.com
712,Vania,vbinnsjr@deviantart.com
713,Sabina,smctrustyjs@desdev.cn
714,Noach,nkierajt@paypal.com
715,Al,aminorju@youku.com
716,Gannie,grikkardjv@mtv.com
717,Kittie,kbresnahanjw@linkedin.com
718,Audry,astorrockjx@example.com
719,Sile,sbloggjy@people.com.cn
720,Aymer,aberringtonjz@java.com
721,Mae,mhauggk0@360.cn
722,Gerta,ghuggenk1@t.co
723,Mercedes,mshawcrossk2@spiegel.de
724,Xerxes,xmacparlank3@chron.com
725,Dorey,dcrowtherk4@infoseek.co.jp
726,Anderson,amannockk5@buzzfeed.com
727,Serge,skeppiek6@microsoft.com
728,Valeda,vkaszperk7@ask.com
729,Kathryn,kszimonk8@wordpress.com
730,Kerry,kfitzroyk9@dell.com
731,Lucille,lwhitlandka@mediafire.com
732,Woody,wvennerkb@dell.com
733,Sibley,srookesbykc@123-reg.co.uk
734,Dede,dskellykd@cyberchimps.com
735,Dyanna,dselbachke@t-online.de
736,Kev,kwinbornkf@forbes.com
737,Ermengarde,emcginneykg@theguardian.com
738,Sherline,svazkh@cam.ac.uk
739,Sunshine,seckeryki@earthlink.net
740,Chryste,csirmankj@dailymail.co.uk
741,Desi,ddallowkk@kickstarter.com
742,Aubry,akwietekkl@hugedomains.com
743,Juanita,jbradenkm@mlb.com
744,Nikolos,nshearkn@microsoft.com
745,Gunilla,gtiffneyko@oaic.gov.au
746,Gradey,gespaderokp@icio.us
747,Viola,vtargettkq@ustream.tv
748,Michaela,mwicklenkr@canalblog.com
749,Gayla,gbarwiseks@unicef.org
750,Francoise,fjoskovitchkt@facebook.com
751,Chicky,cpolferku@istockphoto.com
752,Peta,proycroftkv@prlog.org
753,Beatriz,bzecchiikw@gizmodo.com
754,Guglielma,gtudballkx@umich.edu
755,Andrey,aalejandroky@dailymail.co.uk
756,Kerwin,kpopworthkz@cpanel.net
757,Daniele,dmoralesl0@pcworld.com
758,Amos,abriiginshawl1@goo.gl
759,Irma,imccloidl2@hud.gov
760,Teodoor,thouchinl3@spiegel.de
761,Idette,ibastistinil4@cafepress.com
762,Sandro,shriinchenkol5@elegantthemes.com
763,Finley,fbarlesl6@aboutads.info
764,Chet,cnapperl7@ocn.ne.jp
765,Willow,wcorderol8@nhs.uk
766,Emilie,erobioul9@geocities.jp
767,Demetrius,dguerrela@uiuc.edu
768,Jessalin,jdalliganlb@oaic.gov.au
769,Elvyn,edysertlc@omniture.com
770,Moria,mwilflingld@indiatimes.com
771,Reid,rmaberleyle@cnbc.com
772,Marlene,mnormanvillelf@chicagotribune.com
773,Jeffrey,jgairdnerlg@exblog.jp
774,Rollie,rwintertonlh@bluehost.com
775,Rickie,rkalinskyli@artisteer.com
776,Tyrus,tlinderlj@zimbio.com
777,Jedidiah,jhinchamlk@nasa.gov
778,Allsun,awellumll@mayoclinic.com
779,Aida,amustardelm@nba.com
780,Leonora,lcolemanln@arstechnica.com
781,Kale,kgourleylo@hubpages.com
782,Carolee,clevittlp@example.com
783,Gabi,gcockrenlq@moonfruit.com
784,Sari,smoggielr@ucoz.ru
785,Vassily,vonraetls@google.ru
786,Bessy,bbeardsleylt@sun.com
787,Tuckie,ttownbylu@etsy.com
788,Eleni,eburnslv@discovery.com
789,Natty,njasiklw@arstechnica.com
790,Lyell,lyokleylx@scribd.com
791,Karla,kkanely@yahoo.co.jp
792,Leese,lbrazillz@ow.ly
793,Devon,ddemattiam0@tripod.com
794,Trevar,tharrowingm1@mediafire.com
795,Marjy,mbradbrookm2@dailymail.co.uk
796,Flore,fpoveleyem3@weebly.com
797,Yard,ycasebornem4@dailymail.co.uk
798,Rasia,rmcelvoguem5@springer.com
799,Willis,warmingerm6@wired.com
800,Stevana,srossboroughm7@reverbnation.com
801,Gan,gberninim8@cnet.com
802,Elisa,elethbridgem9@google.cn
803,Mahalia,mwanekma@pen.io
804,Laurena,lguillemmb@hud.gov
805,Banky,bbankesmc@spotify.com
806,Cinnamon,cansteadmd@opensource.org
807,Renato,rsherwenme@npr.org
808,Alisa,awrennmf@nhs.uk
809,Loni,lflasbymg@vinaora.com
810,Annamarie,amcginnismh@whitehouse.gov
811,Sibella,selvinsmi@army.mil
812,Sarah,smacauleymj@state.gov
813,Bernadine,bcarpmilemk@webnode.com
814,Ivan,iyedyml@stanford.edu
815,Geno,gpynermm@merriam-webster.com
816,Kathye,kbouldenmn@bluehost.com
817,Barbara-anne,bcuppleditchmo@google.com.au
818,Ave,apeachmentmp@google.com.hk
819,Nicky,nfoffanomq@histats.com
820,Nick,nfillimoremr@mapquest.com
821,Issiah,igirthms@google.fr
822,Ronalda,rtomblesonmt@usnews.com
823,Hobey,hgrittenmu@who.int
824,Hobie,htansleymv@github.com
825,Myca,mrubinchikmw@purevolume.com
826,Thomasa,tthonmx@t.co
827,Lee,lstockingmy@hostgator.com
828,Norbie,nrubenfeldmz@liveinternet.ru
829,Kandace,kfulkesn0@senate.gov
830,Maurise,mbettyn1@zimbio.com
831,Daveta,dmcivern2@histats.com
832,Monty,mcamillerin3@sbwire.com
833,Syman,snobletn4@ucsd.edu
834,Trumann,tkisselln5@apple.com
835,Yoko,ydowningn6@technorati.com
836,Derk,divanikhinn7@delicious.com
837,Shae,sjacquestn8@msu.edu
838,Gertie,gsiberyn9@freewebs.com
839,Kaycee,kbywatersna@chron.com
840,Wakefield,wfridayenb@mayoclinic.com
841,Chadwick,cgirauldnc@toplist.cz
842,Moishe,mhartnellnd@smh.com.au
843,Giacinta,gbywayne@youku.com
844,Chan,cbenionnf@opensource.org
845,Katlin,kmcdonnellng@go.com
846,Nikolai,nkarelnh@discuz.net
847,Terrell,toniansni@google.it
848,Barron,bhawkeswoodnj@mozilla.com
849,Sebastiano,sfarncombenk@gmpg.org
850,Stevie,shenburynl@chronoengine.com
851,Ginevra,gdoultonnm@cmu.edu
852,Kata,knialsnn@com.com
853,Dav,ddoswellno@networksolutions.com
854,Pammy,pcreykenp@google.cn
855,Seumas,sbloodnq@51.la
856,Damaris,divettnr@topsy.com
857,Shayna,squantickns@gnu.org
858,Lilly,lchadwennt@aboutads.info
859,Moyna,mmarlowenu@jalbum.net
860,Aluino,acherrettnv@imgur.com
861,Grace,gdeignannw@sakura.ne.jp
862,Myrtice,mmcvicarnx@blinklist.com
863,Henryetta,hbottelstoneny@whitehouse.gov
864,Sigvard,ssharrocksnz@yellowpages.com
865,Trenna,tcloughtono0@123-reg.co.uk
866,Delaney,dtwinno1@issuu.com
867,Em,edrayo2@1und1.de
868,Clementina,cshellcrosso3@discuz.net
869,Umeko,ubucknillo4@cocolog-nifty.com
870,Sherrie,ssmithieso5@tinypic.com
871,Dore,dsegaro6@mlb.com
872,Andrew,aantrobuso7@archive.org
873,Ladonna,lbimroseo8@whitehouse.gov
874,Lothario,lbarrando9@wikimedia.org
875,Fidela,flucaoa@abc.net.au
876,Kathi,ktateob@yahoo.co.jp
877,Letta,lalpinoc@baidu.com
878,Morey,mthursbyod@china.com.cn
879,Truda,tmcduffoe@infoseek.co.jp
880,Rozelle,rjoninof@ftc.gov
881,Marti,mcartledgeog@youtube.com
882,Daniella,dfewtrelloh@ucoz.com
883,Brittani,bmullearyoi@accuweather.com
884,Forster,fjerochoj@nsw.gov.au
885,Vilma,vsacklerok@lulu.com
886,Stefano,spershouseol@oaic.gov.au
887,Tessy,tspraggsom@theguardian.com
888,Jammie,jdenleyon@ustream.tv
889,Griffie,gtayloeoo@so-net.ne.jp
890,Quinta,qshalloeop@ameblo.jp
891,Marita,mfirkoq@cornell.edu
892,Beniamino,bcrosior@craigslist.org
893,Fianna,fibbitsonos@foxnews.com
894,Edi,eharbardot@barnesandnoble.com
895,Ossie,okeriou@istockphoto.com
896,Danna,dtithecottov@google.com.hk
897,Roland,rstallionow@blogspot.com
898,Perice,pwhitmellox@php.net
899,Monika,mpuddanoy@ibm.com
900,Chloris,ckulleroz@netlog.com
901,Rick,rperrip0@com.com
902,Retha,rgrissettp1@hp.com
903,Regen,rroumierp2@ebay.com
904,Thomasin,tjandourekp3@wsj.com
905,Correna,cheamp4@wunderground.com
906,Bealle,bcanedop5@wiley.com
907,Tomi,twhittinghamp6@seesaa.net
908,Sherill,sbratleyp7@opera.com
909,Sauncho,srumgayp8@hao123.com
910,Salvatore,slisciandrip9@noaa.gov
911,Dara,dpaolozzipa@moonfruit.com
912,Quent,qstreatpb@quantcast.com
913,Jesus,jbankespc@bigcartel.com
914,Sayer,ssammonspd@umn.edu
915,Quinn,qjugginspe@hexun.com
916,Weider,wfraczkiewiczpf@skyrock.com
917,Cornie,cgatrillpg@gov.uk
918,Ayn,aaronsph@yellowpages.com
919,Jo-anne,jjanicijevicpi@google.it
920,Perry,pchadwellpj@tripadvisor.com
921,Parrnell,preadshallpk@scribd.com
922,Hortense,hhallibonepl@hexun.com
923,Crawford,csquelchpm@pcworld.com
924,Ariella,aouldcottpn@g.co
925,Yvonne,yfarrenspo@yale.edu
926,Tessy,tgerardinpp@mediafire.com
927,Isaak,ipowtonpq@cloudflare.com
928,Zebadiah,zinnottpr@chicagotribune.com
929,Estell,elamballps@accuweather.com
930,Scarlet,schampkenpt@cmu.edu
931,Hollis,hwoodhallpu@patch.com
932,Creigh,cchalklypv@creativecommons.org
933,Barb,bbittertonpw@state.tx.us
934,Franciska,ffeldbaumpx@yandex.ru
935,Chas,ccousinpy@europa.eu
936,Marjie,mhousbiepz@huffingtonpost.com
937,Martin,mbrickdaleq0@purevolume.com
938,Ursulina,umcartq1@theguardian.com
939,Emmie,eraynhamq2@naver.com
940,Dione,dhurcombeq3@mac.com
941,Alfreda,alampsq4@europa.eu
942,Thibaud,tdrillingcourtq5@deliciousdays.com
943,Sharai,scoxenq6@quantcast.com
944,Sela,svalerioq7@infoseek.co.jp
945,Cathee,cskippenq8@harvard.edu
946,Gianna,gkernanq9@nationalgeographic.com
947,Gaultiero,gdeesonqa@alibaba.com
948,Neville,njahnckeqb@flickr.com
949,Lezley,lwoolvettqc@xrea.com
950,Brett,boldmeadowqd@usda.gov
951,Susanetta,sbendanqe@miibeian.gov.cn
952,Jorie,jdalziellqf@blogspot.com
953,Leta,lbrodyqg@eventbrite.com
954,Joice,jjosephovqh@ted.com
955,Lissa,lwookeyqi@g.co
956,Lynnet,lchelsomqj@google.com.br
957,Filberto,fpringellqk@aol.com
958,Darb,dcollardql@is.gd
959,Marika,mseeksqm@wordpress.com
960,Stacee,sgilchristqn@howstuffworks.com
961,Joellyn,jhealingsqo@seattletimes.com
962,Kelsi,kallansqp@theglobeandmail.com
963,Jamey,jsibbonsqq@google.com.au
964,Cristi,cschwandenqr@va.gov
965,Nollie,naldissqs@gizmodo.com
966,Weston,wdoddridgeqt@mit.edu
967,Valry,vlayfieldqu@spiegel.de
968,Peggi,psigneqv@cpanel.net
969,Trace,thookeqw@lycos.com
970,Forester,fellswortheqx@si.edu
971,Otis,osandeverqy@wisc.edu
972,Stanton,santicqz@cbslocal.com
973,Josh,jcapehornr0@tamu.edu
974,Pancho,pnealr1@washingtonpost.com
975,Loria,lwhitmanr2@ifeng.com
976,Cly,cwillr3@blog.com
977,Levi,lgunnr4@theglobeandmail.com
978,Perkin,ptrenfieldr5@statcounter.com
979,Fredelia,fnevettr6@springer.com
980,Wadsworth,whanlinr7@jalbum.net
981,Kinna,kghelerdinir8@icq.com
982,Brittaney,blestranger9@shop-pro.jp
983,Moyna,mrosra@google.com.hk
984,Creigh,cbridgettrb@de.vu
985,Sybyl,scorbyrc@pinterest.com
986,Ki,khammandrd@jalbum.net
987,Andi,amansuerre@etsy.com
988,Wilma,wapplebyrf@washington.edu
989,Ester,evannerg@tiny.cc
990,Abey,amiddisrh@fema.gov
991,Adams,akillnerri@yahoo.com
992,Johnny,jactonrj@cyberchimps.com
993,Shirley,sbemandrk@sogou.com
994,Fabien,fczyzrl@google.cn
995,Krissie,kdriuttirm@mlb.com
996,Jobye,jweekrn@cbsnews.com
997,Merrick,mhonackerro@microsoft.com
998,Faunie,fwittmanrp@sfgate.com
999,Nesta,nteekrq@slashdot.org
1000,Doyle,dducrowrr@yolasite.com
